IRIS,Population Active,Pop 15-24,Pop 25-54,Pop 55-64,Revenus Q1,Revenus Medians,Revenus Q3
330630101,1330,272,958,99,14280.0,18990.0,25230.0
330630103,3369,764,2168,438,11000.0,14050.0,19020.0
330630201,1229,357,740,132,12850.0,18660.0,24810.0
330630202,3655,908,2346,401,14500.0,20700.0,28170.0
330630203,1730,328,1021,381,13260.0,17700.0,23570.0
330630204,910,226,502,182,11490.0,14750.0,18970.0
330630301,4725,1233,3019,473,14490.0,20280.0,28840.0
330630302,2943,774,1872,297,15840.0,23440.0,35530.0
330630303,2883,849,1803,232,14460.0,19500.0,26830.0
330630305,1754,254,1146,354,11880.0,15370.0,19840.0
330630306,1655,377,1027,251,11530.0,15370.0,20210.0
330630307,1867,397,1178,291,12340.0,17610.0,25430.0
330630308,1590,354,972,265,11670.0,15460.0,21960.0
330630309,1659,352,1093,215,20030.0,29660.0,44490.0
330630310,1596,353,1010,233,20450.0,29270.0,41170.0
330630311,1644,379,1069,196,16650.0,25060.0,36290.0
330630312,2156,467,1425,264,17290.0,24820.0,34220.0
330630313,2546,487,1675,384,14830.0,20670.0,27860.0
330630401,2617,683,1580,354,15210.0,21370.0,30500.0
330630402,1814,421,1147,247,17350.0,24390.0,33740.0
330630403,2803,519,1966,318,16880.0,23940.0,31450.0
330630404,1948,454,1177,316,10800.0,13900.0,18100.0
330630405,2713,668,1768,277,15390.0,21870.0,29990.0
330630501,2319,849,1288,182,14410.0,21630.0,32220.0
330630502,3878,1386,2239,253,14490.0,20880.0,31520.0
330630503,1526,611,802,112,17830.0,26290.0,39680.0
330630504,1779,628,1025,126,14540.0,21620.0,30600.0
330630505,2516,863,1484,169,13750.0,20380.0,29700.0
330630506,2282,765,1270,247,18160.0,27540.0,41140.0
330630507,1835,551,1099,185,20620.0,32620.0,49380.0
330630508,1858,878,859,121,13660.0,20430.0,30780.0
330630601,2272,644,1360,268,18810.0,27480.0,41030.0
330630602,1376,266,904,207,20620.0,30790.0,45240.0
330630603,1566,417,957,193,19940.0,27760.0,40570.0
330630604,1952,501,1175,276,19590.0,28790.0,40860.0
330630605,1865,532,1076,257,19220.0,29110.0,44830.0
330630606,1333,312,797,223,22070.0,31880.0,44650.0
330630607,1740,388,1137,215,19530.0,28550.0,40380.0
330630608,1868,477,1070,321,23890.0,33700.0,47440.0
330630609,2087,501,1245,341,21100.0,30330.0,47150.0
330630701,1586,254,1014,318,20710.0,28340.0,39340.0
330630702,2026,451,1235,340,22630.0,33140.0,49130.0
330630703,1672,376,955,340,22470.0,32550.0,44720.0
330630704,1677,299,1012,366,21870.0,29210.0,41510.0
330630705,2757,646,1637,473,21370.0,29910.0,44130.0
330630706,1500,223,938,338,20230.0,28150.0,38050.0
330630801,1612,281,1027,304,20350.0,28200.0,39560.0
330630802,1476,287,902,286,17590.0,24000.0,32830.0
330630803,1678,240,1064,374,18380.0,24320.0,33090.0
330630804,1345,275,814,255,20390.0,27360.0,37730.0
330630805,1978,349,1336,292,18210.0,25180.0,35040.0
330630806,1533,289,961,284,21640.0,28720.0,38060.0
330630807,1420,280,952,187,16350.0,22130.0,30370.0
330630808,1850,310,1186,354,15860.0,22000.0,29780.0
330630809,1966,367,1139,460,21410.0,29530.0,40080.0
330630901,1548,558,798,192,15070.0,19990.0,28210.0
330630902,2686,965,1445,275,14580.0,20950.0,27890.0
330630903,2694,1015,1330,349,20470.0,28750.0,39870.0
330630904,2247,703,1254,290,18880.0,26980.0,36540.0
330630905,1806,447,1063,296,20860.0,28340.0,38820.0
330631001,2671,676,1589,406,18550.0,26390.0,37710.0
330631002,1024,371,550,104,16750.0,24380.0,35790.0
330631003,3017,1135,1586,296,17810.0,25210.0,34180.0
330631004,3549,1379,1887,283,16920.0,25040.0,36180.0
330631005,2386,859,1351,176,16330.0,23730.0,31920.0
330631006,1718,463,974,280,19890.0,28170.0,40110.0
330631101,2154,516,1403,235,11580.0,16620.0,23680.0
330631102,2176,1130,922,123,12990.0,18870.0,29160.0
330631103,2561,1303,1136,121,12270.0,18330.0,26040.0
330631104,2715,930,1602,183,12280.0,18600.0,26500.0
330631105,2049,765,1169,114,12040.0,17650.0,25010.0
330631106,2589,1382,1103,103,11770.0,17640.0,25210.0
330631107,2064,1156,801,107,12930.0,19440.0,30480.0
330631108,2155,945,1055,155,11610.0,17890.0,25220.0
330631201,2027,789,977,260,18230.0,27620.0,40030.0
330631202,1872,738,909,224,21380.0,31150.0,46030.0
330631203,1748,577,956,214,18200.0,26990.0,36230.0
330631204,2354,1071,1104,180,14370.0,21430.0,31350.0
330631205,1758,654,912,192,17160.0,25110.0,35340.0
330631206,1626,322,1060,243,18760.0,26110.0,36610.0
330631207,1840,580,1067,193,14870.0,22090.0,31380.0
330631208,1940,458,1173,308,16690.0,23760.0,30720.0
330631209,2517,1224,1114,179,12720.0,18760.0,27890.0
330631301,2384,565,1531,287,13520.0,18790.0,24870.0
330631302,1860,379,1188,293,18260.0,24750.0,33280.0
330631303,1520,325,1011,184,11620.0,16470.0,22380.0
330631304,2509,769,1484,256,12760.0,17680.0,24370.0
330631305,1671,473,986,213,15380.0,22780.0,31440.0
593500101,33,4,15,15,,,
593500104,2000,767,1053,180,16020.0,26860.0,43200.0
593500105,1997,1217,671,109,16660.0,27690.0,41870.0
593500106,1312,757,467,89,,,
593500107,108,53,50,4,,,
593500108,131,40,88,4,,,
593500109,118,56,58,4,,,
593500110,405,146,254,5,,,
593500111,2239,893,1188,159,14800.0,23300.0,34150.0
593500112,2033,839,1004,190,17910.0,28440.0,42790.0
593500113,1233,344,797,92,14520.0,20530.0,29990.0
593500114,0,0,0,0,,,
593500115,2031,867,1002,162,10960.0,15640.0,24330.0
593500116,2078,721,1230,128,18010.0,26470.0,36450.0
593500117,1227,350,679,198,14150.0,22050.0,31560.0
593500118,3263,1200,1849,214,17160.0,25730.0,36890.0
593500119,3668,1598,1837,233,18660.0,27310.0,39560.0
593500201,2628,539,1943,146,19800.0,27100.0,35990.0
593500202,1427,452,855,120,14020.0,22200.0,34510.0
593500203,2139,834,1158,148,15490.0,24620.0,36040.0
593500204,3337,1207,1863,267,18160.0,27100.0,40080.0
593500205,2648,880,1547,221,20420.0,30050.0,44920.0
593500206,1736,615,923,198,20060.0,28970.0,48870.0
593500207,1527,304,1016,207,11380.0,16890.0,26000.0
593500302,203,75,89,38,,,
593500303,2547,1630,811,107,10780.0,15890.0,24750.0
593500304,1817,1106,522,188,11190.0,16340.0,23900.0
593500305,2900,2135,659,106,15130.0,23140.0,34730.0
593500306,2191,1057,970,165,15070.0,22930.0,33110.0
593500307,1984,665,1096,223,14780.0,22630.0,30960.0
593500308,2539,1094,1292,153,15630.0,23490.0,34260.0
593500309,1821,1132,546,143,15590.0,24140.0,35900.0
593500310,84,5,72,7,,,
593500401,1737,805,807,125,11940.0,18490.0,26820.0
593500402,1585,378,957,251,10490.0,14010.0,20510.0
593500403,1519,497,858,164,10890.0,14430.0,18980.0
593500404,2956,1395,1373,187,12370.0,19440.0,27940.0
593500405,1950,939,885,126,17820.0,26590.0,36830.0
593500406,3376,1541,1591,244,14750.0,22080.0,31070.0
593500407,2718,1507,1059,152,14820.0,23220.0,32480.0
593500408,1880,666,1065,150,11020.0,16710.0,23490.0
593500409,2007,720,1156,131,14000.0,22690.0,33590.0
593500410,1578,476,1010,92,13540.0,20800.0,29950.0
593500501,24,12,8,4,,,
593500502,1768,601,995,172,10160.0,13870.0,20440.0
593500503,2031,732,1113,185,11130.0,16100.0,22920.0
593500504,2922,1428,1287,206,10360.0,13860.0,19580.0
593500506,4095,1322,2452,321,11860.0,16670.0,23430.0
593500507,1138,355,681,102,9890.0,12130.0,16150.0
593500508,2113,600,1294,219,11430.0,16110.0,23460.0
593500601,1690,446,995,249,13680.0,19640.0,25350.0
593500602,1112,265,698,150,8820.0,11220.0,13940.0
593500603,985,180,686,118,9740.0,12520.0,16340.0
593500604,1063,258,672,133,8650.0,10620.0,12900.0
593500701,786,578,199,9,,,
593500702,1108,357,571,180,11200.0,15260.0,21290.0
593500703,1775,404,1165,206,11010.0,14880.0,21230.0
593500704,1385,383,806,196,9470.0,12650.0,17190.0
593500705,1330,263,881,186,9530.0,11670.0,14640.0
593500706,1078,313,614,151,10400.0,12690.0,17590.0
593500707,1167,260,738,169,11170.0,14160.0,19630.0
593500709,376,87,267,22,,,
593500710,3116,893,1817,406,13410.0,18750.0,25870.0
593500711,1304,310,776,218,10580.0,13290.0,18440.0
593500801,1016,181,686,149,18410.0,24910.0,32000.0
593500802,2153,474,1416,262,16400.0,23680.0,32270.0
593500803,1852,468,1190,194,13100.0,19040.0,26600.0
593500804,958,220,588,150,10200.0,13210.0,18220.0
593500901,1718,286,1158,274,21690.0,30320.0,40960.0
593500902,1300,272,819,209,21090.0,28380.0,40170.0
593500903,1202,176,817,209,15300.0,20560.0,28800.0
593500904,0,0,0,0,,,
593500905,1652,380,1105,167,18080.0,25870.0,36530.0
593500906,2086,496,1351,239,13420.0,22050.0,32950.0
593500907,1889,363,1313,214,14210.0,22550.0,31390.0
593500908,1648,536,852,261,13560.0,22800.0,36230.0
593501001,1634,600,876,157,11330.0,16010.0,24020.0
593501002,2117,620,1292,206,10780.0,14900.0,21450.0
593501003,2356,584,1485,287,10860.0,14960.0,22210.0
593501004,1453,447,839,167,12460.0,19710.0,26760.0
593501005,1399,362,859,178,12630.0,18350.0,26330.0
593501006,1535,350,958,227,12290.0,17670.0,26080.0
593501007,2313,534,1489,290,12520.0,18180.0,25380.0
593501008,1703,392,1075,236,12260.0,16130.0,22190.0
593502401,34,0,30,4,,,
593502402,803,178,480,145,11330.0,16450.0,22610.0
593502403,1577,336,1007,234,15680.0,21640.0,27890.0
593502404,1197,255,775,168,14310.0,20010.0,25720.0
593502405,339,51,217,71,,,
593502501,1282,365,741,177,17350.0,22400.0,27860.0
593502502,1592,421,961,210,15620.0,20390.0,27870.0
593502503,1987,446,1299,242,13200.0,17630.0,23360.0
593502601,1331,306,800,224,11030.0,14540.0,19360.0
593502602,1204,247,728,229,16850.0,21190.0,26910.0
593502603,1185,211,702,271,17920.0,22850.0,28920.0
593502701,285,38,149,98,,,
593502702,1083,258,649,176,14920.0,19310.0,24730.0
593502703,1162,289,684,188,18130.0,22870.0,29670.0
593502704,1199,291,680,229,16630.0,22710.0,29760.0
593502705,949,165,563,221,17100.0,22890.0,30910.0
593502706,0,0,0,0,,,
593502801,2115,409,1365,341,14390.0,19590.0,26000.0
593502802,1504,401,846,256,13960.0,18850.0,26180.0
593502901,1270,224,838,208,13280.0,17700.0,23240.0
593502902,1339,260,840,239,15880.0,20930.0,27700.0
593502903,1501,266,965,270,16250.0,20970.0,26040.0
593502904,1018,197,590,231,13470.0,17310.0,23180.0
593503001,1689,266,1185,239,15280.0,20240.0,26430.0
593503002,1227,252,781,193,13390.0,17760.0,22780.0
593503003,1457,298,974,185,12220.0,16280.0,21160.0
751010101,670,136,415,119,,,
751010102,113,19,76,18,,,
751010103,151,16,104,31,,,
751010104,3,0,3,0,,,
751010105,0,0,0,0,,,
751010199,0,0,0,0,,,
751010201,1557,260,1079,218,18670.0,30060.0,46890.0
751010202,1269,193,889,187,21920.0,36990.0,58870.0
751010203,1708,334,1179,196,20620.0,32890.0,55010.0
751010204,1600,327,1014,258,19730.0,30230.0,47770.0
751010205,0,0,0,0,,,
751010206,414,41,318,55,,,
751010301,1795,301,1180,314,20550.0,36030.0,59850.0
751010302,94,3,69,22,,,
751010303,218,36,159,22,,,
751010401,834,149,528,157,25330.0,44090.0,71670.0
751010402,988,183,659,146,22130.0,36780.0,66010.0
751020501,830,169,512,149,,,
751020502,160,15,113,33,,,
751020503,183,36,118,28,,,
751020601,1444,219,1021,204,22180.0,35900.0,59650.0
751020602,987,137,715,135,21610.0,36060.0,53180.0
751020701,1258,162,924,172,20270.0,34270.0,54680.0
751020702,1433,222,1044,168,21500.0,34320.0,53920.0
751020703,1725,253,1275,197,18760.0,32380.0,51840.0
751020704,637,88,461,88,,,
751020801,1739,232,1322,185,15020.0,28750.0,47890.0
751020802,1318,174,992,152,21200.0,35180.0,52910.0
751020803,1341,178,978,185,19100.0,31350.0,48760.0
751020804,1448,254,1061,132,17200.0,29980.0,46260.0
751020805,1696,262,1273,161,17440.0,27980.0,44520.0
751030901,1405,246,990,169,17140.0,31140.0,47410.0
751030902,1553,302,1099,152,17910.0,30780.0,46320.0
751030903,1471,270,991,211,20620.0,32300.0,49690.0
751030904,1546,225,1189,131,16500.0,27880.0,43540.0
751030905,1374,261,945,169,19600.0,32800.0,51260.0
751031001,1732,288,1218,225,19790.0,31290.0,50450.0
751031002,1695,263,1186,246,21030.0,36220.0,56800.0
751031003,1760,248,1244,268,21500.0,35390.0,57030.0
751031004,1376,208,976,192,20230.0,35860.0,59470.0
751031101,1599,246,1159,194,20700.0,35990.0,58260.0
751031102,1131,185,800,146,23000.0,40470.0,65620.0
751031103,1068,173,754,142,21040.0,35370.0,62060.0
751031104,1855,305,1254,295,23240.0,37100.0,59960.0
751031201,1503,256,1029,218,17930.0,31000.0,50380.0
751031202,1431,231,938,263,18820.0,32080.0,50500.0
751031203,1312,210,912,190,19380.0,30090.0,45650.0
751031204,1720,283,1264,173,16970.0,29180.0,43190.0
751041301,1282,209,803,270,19770.0,33590.0,51250.0
751041302,1674,294,1169,211,20370.0,33040.0,51010.0
751041303,1410,234,892,284,17800.0,30290.0,49370.0
751041304,280,30,217,33,,,
751041305,0,0,0,0,,,
751041399,0,0,0,0,,,
751041401,2233,497,1373,363,15010.0,24460.0,38950.0
751041402,1663,280,1136,248,20090.0,30590.0,49580.0
751041403,1834,288,1222,325,19670.0,31540.0,49060.0
751041404,1270,204,849,217,20000.0,30460.0,49440.0
751041499,0,0,0,0,,,
751041501,2376,486,1535,355,19720.0,29160.0,46040.0
751041502,1060,155,741,164,21640.0,34540.0,55620.0
751041503,1443,325,919,199,23810.0,37610.0,60580.0
751041504,1283,199,843,241,21420.0,34830.0,55710.0
751041588,0,0,0,0,,,
751041599,0,0,0,0,,,
751041601,1681,414,963,304,21880.0,39260.0,64630.0
751041602,418,86,275,58,,,
751041603,100,28,63,8,,,
751041699,0,0,0,0,,,
751051701,1576,356,991,229,20930.0,33550.0,50250.0
751051702,1192,273,749,170,22980.0,36030.0,52050.0
751051703,1832,548,1046,239,22450.0,31960.0,46340.0
751051704,1940,395,1275,270,22390.0,35490.0,53330.0
751051705,1296,231,822,244,21980.0,36820.0,58120.0
751051706,14,1,7,6,,,
751051799,70,0,70,0,,,
751051801,1098,205,740,153,24550.0,35880.0,50450.0
751051802,1665,376,1048,241,21310.0,33270.0,48220.0
751051803,1615,433,927,255,21560.0,32980.0,47830.0
751051804,1415,331,832,252,18710.0,27890.0,45920.0
751051805,2045,448,1262,336,19630.0,29810.0,42990.0
751051806,1375,323,858,194,18430.0,29840.0,43610.0
751051807,1568,351,951,265,21040.0,30640.0,43770.0
751051808,1169,287,744,138,24670.0,36350.0,53180.0
751051809,0,0,0,0,,,
751051899,0,0,0,0,,,
751051901,1938,573,1071,294,22870.0,35720.0,51780.0
751051902,1204,254,736,214,21700.0,37100.0,55470.0
751051903,1693,523,925,245,22550.0,37640.0,55960.0
751051904,1448,687,532,229,27240.0,42280.0,65670.0
751051905,1718,615,803,299,27320.0,47440.0,78940.0
751051906,1588,488,809,291,22680.0,37010.0,59340.0
751051907,1677,738,727,213,21540.0,34320.0,57430.0
751051908,2227,662,1166,399,20030.0,34080.0,50570.0
751052001,2019,660,1094,264,19390.0,31480.0,50380.0
751052002,1139,318,637,184,23500.0,40120.0,66710.0
751052003,1318,389,738,191,17780.0,30860.0,47490.0
751052004,2067,475,1167,425,20150.0,34020.0,53900.0
751052005,467,335,100,32,,,
751052099,0,0,0,0,,,
751062101,1213,398,608,206,23440.0,38850.0,65930.0
751062102,1327,361,770,196,19310.0,32690.0,54580.0
751062103,1293,359,719,215,21690.0,34490.0,58310.0
751062199,0,0,0,0,,,
751062201,1090,345,519,225,25890.0,47060.0,84900.0
751062202,923,216,529,178,24860.0,42310.0,74540.0
751062203,1718,418,1083,217,21600.0,35900.0,62170.0
751062204,1942,771,910,261,22760.0,38120.0,64420.0
751062205,0,0,0,0,,,
751062301,968,194,584,190,27250.0,46120.0,73350.0
751062302,1236,397,657,183,27510.0,46970.0,82000.0
751062303,1114,324,575,215,24310.0,41680.0,68600.0
751062304,1011,248,559,205,26900.0,48210.0,83040.0
751062305,2131,965,914,253,25600.0,43680.0,69040.0
751062306,1710,404,1008,298,26470.0,41930.0,65990.0
751062307,1178,283,739,156,24690.0,41210.0,67880.0
751062308,1892,486,1145,261,24200.0,38640.0,62270.0
751062309,1386,372,738,276,19460.0,35910.0,62340.0
751062310,1418,383,775,260,22800.0,41090.0,73190.0
751062311,974,228,586,161,27680.0,46470.0,78150.0
751062401,1143,240,700,203,24610.0,38450.0,66550.0
751062402,1669,323,989,357,20370.0,38020.0,71910.0
751062499,0,0,0,0,,,
751072501,1194,294,601,299,27840.0,50340.0,96970.0
751072502,938,190,553,195,28970.0,51690.0,87400.0
751072503,1171,209,727,235,24970.0,44510.0,79400.0
751072504,1057,273,574,210,24750.0,43860.0,91260.0
751072505,1014,207,595,213,22290.0,42240.0,85660.0
751072506,1411,334,760,317,25030.0,45020.0,83950.0
751072507,0,0,0,0,,,
751072508,11,0,8,3,,,
751072599,0,0,0,0,,,
751072601,1306,246,805,255,27430.0,45430.0,81720.0
751072602,844,191,486,167,25820.0,48680.0,86590.0
751072603,463,84,290,90,,,
751072604,776,138,464,174,27260.0,48640.0,96580.0
751072605,0,0,0,0,,,
751072606,100,7,64,29,,,
751072699,0,0,0,0,,,
751072701,1767,398,1004,365,22920.0,41300.0,66620.0
751072702,1217,310,682,225,25210.0,43140.0,73160.0
751072703,1042,245,590,208,31580.0,55230.0,88280.0
751072704,1082,214,690,179,30390.0,49350.0,84980.0
751072705,1005,204,555,246,31810.0,55660.0,91340.0
751072706,1181,318,704,159,23720.0,38600.0,74910.0
751072707,124,49,64,11,,,
751072801,1472,277,966,229,26900.0,41190.0,65090.0
751072802,1338,283,857,198,25700.0,41740.0,67180.0
751072803,1197,298,778,121,19680.0,32710.0,54850.0
751072804,2073,405,1310,359,22130.0,38630.0,63310.0
751072805,2337,629,1524,184,21840.0,35010.0,56990.0
751072806,868,207,462,199,29570.0,64670.0,121540.0
751072807,1267,257,733,277,30900.0,60950.0,107990.0
751072808,893,191,523,179,30250.0,51580.0,84460.0
751072809,1209,276,680,253,26560.0,44500.0,75960.0
751072810,1872,425,1079,369,22170.0,38450.0,63930.0
751072811,1225,268,719,238,27100.0,53730.0,108540.0
751072812,0,0,0,0,,,
751072899,0,0,0,0,,,
751082901,535,164,267,104,,,
751082902,453,109,250,94,,,
751082903,305,73,188,44,,,
751082904,90,11,75,4,,,
751082905,306,61,156,89,,,
751082906,1,0,1,0,,,
751082907,11,4,4,3,,,
751082999,0,0,0,0,,,
751083001,1229,267,747,215,26540.0,46000.0,81850.0
751083002,2241,523,1348,370,22580.0,45390.0,80910.0
751083003,471,106,292,73,,,
751083004,1267,264,786,216,21440.0,38220.0,67120.0
751083005,917,187,548,182,16110.0,30380.0,61900.0
751083006,407,78,280,50,,,
751083101,101,6,84,11,,,
751083102,239,44,134,60,,,
751083103,616,108,411,97,,,
751083104,590,170,325,95,,,
751083105,1031,191,684,155,25040.0,44900.0,74860.0
751083106,849,235,503,111,25840.0,43390.0,70300.0
751083107,244,42,161,42,,,
751083108,320,51,232,37,,,
751083201,1372,314,844,214,24550.0,43340.0,71510.0
751083202,1233,259,731,242,26080.0,49180.0,81280.0
751083203,1079,218,636,225,28760.0,52560.0,95470.0
751083204,1844,459,1079,306,28850.0,52000.0,84840.0
751083205,2206,570,1304,332,30030.0,50390.0,75880.0
751083206,1928,363,1309,257,26470.0,40830.0,62650.0
751083207,1547,251,1062,234,27800.0,45610.0,71360.0
751083208,556,106,368,82,,,
751083209,606,114,375,117,25760.0,44720.0,74740.0
751083210,513,113,307,93,28400.0,51380.0,107880.0
751093301,1149,195,798,156,24600.0,38730.0,57820.0
751093302,1207,227,833,147,27190.0,42140.0,65960.0
751093303,1302,251,875,176,23570.0,37890.0,61130.0
751093304,1498,299,927,273,28840.0,45330.0,70670.0
751093305,1422,282,931,209,25740.0,43050.0,65610.0
751093306,1608,280,1063,265,23030.0,38000.0,59360.0
751093307,2289,305,1665,319,23120.0,37300.0,57290.0
751093308,1357,172,1051,134,17300.0,29480.0,45530.0
751093309,1581,330,1055,197,17220.0,30900.0,51980.0
751093310,1110,167,697,245,24090.0,40290.0,66680.0
751093311,406,99,281,25,,,
751093401,107,13,79,15,,,
751093402,74,7,64,4,,,
751093403,974,173,665,136,21280.0,38350.0,62610.0
751093404,41,13,21,7,,,
751093405,280,47,211,22,,,
751093406,72,4,53,15,,,
751093407,921,127,647,146,20660.0,35700.0,56130.0
751093408,782,215,506,61,,,
751093409,481,47,370,63,,,
751093501,2349,422,1646,282,16400.0,29400.0,47770.0
751093502,1663,269,1174,220,20670.0,34090.0,55480.0
751093503,3072,476,2209,388,21200.0,36340.0,56320.0
751093504,1330,240,894,195,21910.0,36870.0,56240.0
751093601,1637,272,1148,218,21470.0,33890.0,53690.0
751093602,2329,423,1668,238,19900.0,33180.0,51740.0
751093603,1228,203,864,162,19830.0,30970.0,46650.0
751093604,1256,187,912,157,23300.0,36150.0,53860.0
751093605,1585,205,1217,162,22110.0,35340.0,52150.0
751093606,1541,257,1127,157,23200.0,35960.0,54530.0
751093607,1625,252,1171,202,17840.0,31790.0,48160.0
751093608,1805,211,1333,261,22280.0,37610.0,58890.0
751093609,1388,203,969,216,21880.0,35090.0,51970.0
751093610,1819,304,1291,224,19450.0,31660.0,48170.0
751103701,1582,255,1183,144,19610.0,29970.0,45230.0
751103702,1552,270,1146,136,15090.0,26550.0,38690.0
751103703,1845,285,1366,195,17100.0,28100.0,42700.0
751103704,2076,259,1566,251,20900.0,35260.0,51410.0
751103705,1669,312,1096,260,22880.0,36820.0,55010.0
751103706,1897,279,1341,277,19050.0,31440.0,46900.0
751103707,2032,439,1311,282,15730.0,26430.0,39790.0
751103708,1391,257,976,157,16260.0,28030.0,40340.0
751103709,1921,263,1365,293,15380.0,25080.0,36780.0
751103710,29,1,18,10,,,
751103711,0,0,0,0,,,
751103712,462,72,312,77,,,
751103801,1449,175,1076,198,15750.0,28860.0,41910.0
751103802,1299,191,918,190,12150.0,22030.0,38270.0
751103803,2323,286,1756,280,19330.0,31390.0,49790.0
751103804,2235,317,1608,310,17610.0,30180.0,47220.0
751103805,1825,270,1380,175,18640.0,28960.0,45740.0
751103806,2780,425,1977,378,18990.0,32730.0,50610.0
751103901,1514,194,1086,234,16860.0,27710.0,42770.0
751103902,1815,314,1281,219,20850.0,34450.0,48930.0
751103903,1325,223,954,148,21670.0,31960.0,46880.0
751103904,1779,290,1155,334,18640.0,31350.0,48970.0
751103905,1524,181,1171,172,17180.0,29950.0,43960.0
751103906,1760,271,1288,202,17720.0,28370.0,43700.0
751103907,1481,165,1164,152,16990.0,27730.0,40710.0
751103908,2231,297,1609,325,17240.0,27800.0,41700.0
751103909,1582,190,1240,152,16620.0,27620.0,40960.0
751103910,1605,235,1172,199,18410.0,30910.0,45410.0
751103988,0,0,0,0,,,
751104001,2132,382,1479,272,12550.0,19990.0,32010.0
751104002,2634,549,1578,507,13100.0,20580.0,32380.0
751104003,2015,282,1510,223,14680.0,25440.0,39320.0
751104004,1126,171,860,94,12740.0,21840.0,33890.0
751104005,1485,225,1075,186,11370.0,18930.0,29220.0
751104006,2113,235,1634,244,15700.0,24430.0,37830.0
751104007,2568,483,1685,400,14850.0,23030.0,34250.0
751104008,2138,328,1479,332,15460.0,24410.0,36910.0
751104009,1715,343,1195,177,18280.0,28800.0,43060.0
751104010,1378,276,759,343,14860.0,22400.0,35200.0
751104011,1913,374,1304,235,12490.0,22250.0,34100.0
751104012,198,14,134,49,,,
751104088,0,0,0,0,,,
751114101,2316,430,1506,379,14760.0,24120.0,37780.0
751114102,1997,302,1447,248,13780.0,23620.0,35640.0
751114103,1286,213,901,172,16310.0,26920.0,42160.0
751114104,1254,176,918,160,19050.0,31680.0,46130.0
751114105,1339,226,899,214,20620.0,33500.0,52490.0
751114106,1901,270,1446,186,19870.0,32090.0,50230.0
751114107,2028,264,1512,251,21230.0,32540.0,46070.0
751114108,1783,261,1282,240,19570.0,28830.0,42270.0
751114109,2252,404,1560,288,13580.0,22740.0,34830.0
751114110,1225,172,879,174,11710.0,18620.0,30680.0
751114111,1055,248,630,177,12060.0,18180.0,26350.0
751114112,1329,227,787,315,7270.0,13270.0,20780.0
751114113,960,135,716,109,14220.0,25570.0,39050.0
751114114,1341,150,1001,190,16210.0,29070.0,43190.0
751114115,1705,180,1352,173,20950.0,31900.0,44020.0
751114201,1533,247,1052,234,15050.0,24400.0,35120.0
751114202,1589,283,1046,260,17390.0,28180.0,41990.0
751114203,1872,264,1319,290,21340.0,32360.0,45430.0
751114204,2083,327,1584,172,17060.0,26880.0,38180.0
751114205,1344,137,1005,202,20140.0,32070.0,47160.0
751114206,2136,312,1543,280,19630.0,31530.0,46470.0
751114207,1544,223,1019,301,21800.0,34410.0,53200.0
751114208,1487,226,1022,238,23650.0,37390.0,53960.0
751114209,1989,401,1334,255,18800.0,30200.0,47570.0
751114210,2047,297,1466,283,17170.0,28520.0,44240.0
751114211,1482,182,1076,224,19560.0,30300.0,43210.0
751114212,1354,291,864,199,24180.0,35550.0,51130.0
751114213,1524,318,1012,194,20190.0,32030.0,48540.0
751114214,1244,210,888,145,15930.0,26900.0,39440.0
751114301,1545,361,923,261,14910.0,22650.0,33390.0
751114302,2488,452,1629,407,18040.0,29330.0,43420.0
751114303,1212,184,771,256,13610.0,18850.0,25590.0
751114304,1415,245,968,202,19160.0,27210.0,36450.0
751114305,2610,432,1860,317,15810.0,24780.0,37200.0
751114306,2460,468,1670,321,16500.0,25920.0,38800.0
751114307,1746,261,1201,284,17050.0,27760.0,42290.0
751114308,1438,279,840,319,16310.0,25750.0,40860.0
751114309,969,125,718,126,16480.0,28590.0,43350.0
751114310,1326,179,982,165,21900.0,33310.0,50050.0
751114311,1529,289,1078,162,17640.0,28530.0,46260.0
751114312,1258,237,840,181,20650.0,33430.0,49340.0
751114313,1457,223,1005,228,22920.0,34520.0,50700.0
751114314,1614,156,1241,217,20570.0,30310.0,41780.0
751114315,1491,232,982,277,17080.0,28750.0,42710.0
751114316,1633,248,1167,218,16210.0,27970.0,41320.0
751114317,1739,260,1219,260,19400.0,30620.0,45180.0
751114318,1645,190,1291,164,18650.0,29580.0,41410.0
751114319,1218,215,746,257,16260.0,23600.0,33150.0
751114320,1742,386,1103,253,16640.0,25320.0,36050.0
751114321,1278,190,922,167,16980.0,27450.0,38600.0
751114401,1391,268,934,188,22800.0,34300.0,46770.0
751114402,1733,335,1170,228,20910.0,31770.0,45200.0
751114403,1753,325,1203,225,19080.0,29200.0,41690.0
751114404,1907,307,1300,300,20620.0,32910.0,50750.0
751114405,1228,179,864,185,16730.0,27810.0,40020.0
751114406,1976,292,1483,201,18470.0,30040.0,43130.0
751114407,1523,216,1063,243,19590.0,30590.0,43290.0
751114408,2328,359,1621,347,20790.0,31540.0,45370.0
751114409,2357,372,1724,261,18160.0,28910.0,42510.0
751114410,2663,435,1802,426,17600.0,29250.0,41720.0
751114411,3246,580,2242,424,17490.0,27910.0,38240.0
751114412,2198,282,1575,341,18760.0,29410.0,43390.0
751114413,2094,277,1505,312,22920.0,34030.0,48280.0
751124501,2110,182,1361,568,14810.0,20780.0,27940.0
751124502,2743,425,1919,398,21040.0,31480.0,44090.0
751124503,1647,317,1014,316,18670.0,29070.0,41350.0
751124504,1705,276,1151,278,20380.0,31500.0,43420.0
751124505,1754,295,1156,303,22750.0,32150.0,42860.0
751124506,1451,291,887,274,22540.0,33960.0,48520.0
751124507,1351,200,892,259,18980.0,28680.0,42900.0
751124508,1556,229,1161,166,22470.0,32140.0,43570.0
751124509,1224,154,839,232,20590.0,29290.0,41820.0
751124510,1334,325,822,187,13950.0,19270.0,27330.0
751124511,1350,296,738,316,12990.0,18230.0,25680.0
751124512,2811,373,1903,534,17700.0,29310.0,42500.0
751124513,1688,301,1058,328,21910.0,32180.0,44250.0
751124514,1241,185,888,168,24130.0,35490.0,49100.0
751124577,507,65,395,47,,,
751124601,2411,355,1624,432,17620.0,27860.0,40400.0
751124602,1918,283,1339,296,18110.0,29170.0,41250.0
751124603,1019,154,661,204,22970.0,32930.0,43460.0
751124604,1677,277,1136,263,15020.0,21590.0,32020.0
751124605,1803,294,1246,263,18230.0,27450.0,37450.0
751124606,1999,354,1357,289,14470.0,23290.0,35970.0
751124608,1383,213,1052,118,20770.0,32150.0,44230.0
751124609,1559,367,893,299,13510.0,19780.0,29270.0
751124610,1588,260,1087,241,22350.0,33130.0,45330.0
751124611,1430,220,1018,192,23080.0,33130.0,46190.0
751124612,1945,348,1402,195,20960.0,31150.0,43370.0
751124613,2856,522,1836,499,18660.0,27420.0,38160.0
751124614,1978,235,1458,284,23360.0,34710.0,47330.0
751124615,2249,411,1562,276,20020.0,30290.0,42940.0
751124616,3294,597,2151,546,20010.0,32510.0,45060.0
751124617,1696,238,1181,277,21400.0,31970.0,42740.0
751124618,1422,273,826,324,20400.0,32810.0,48660.0
751124619,2806,456,1834,516,17480.0,26810.0,36890.0
751124620,1306,253,874,179,18710.0,28750.0,41850.0
751124621,1770,317,1197,256,20630.0,31170.0,43120.0
751124622,1426,418,844,165,9720.0,18790.0,35160.0
751124623,1591,243,1055,293,23350.0,36030.0,50400.0
751124624,1359,182,919,258,27160.0,38290.0,54270.0
751124677,628,222,149,256,,,
751124701,2346,760,1223,362,17500.0,27720.0,43080.0
751124702,1955,359,1262,333,17490.0,26950.0,38370.0
751124703,1820,339,1188,293,16350.0,25210.0,35360.0
751124704,1485,247,1009,229,20420.0,28710.0,40610.0
751124705,2605,540,1719,345,16070.0,24060.0,35900.0
751124706,0,0,0,0,,,
751124707,216,28,135,54,,,
751124708,0,0,0,0,,,
751124799,0,0,0,0,,,
751124801,2377,308,1750,319,16530.0,26130.0,38760.0
751124802,1475,306,874,295,15320.0,25860.0,36600.0
751124803,1620,297,1096,227,26240.0,39200.0,58500.0
751124804,1753,445,1083,225,23040.0,37130.0,54220.0
751124805,1173,141,825,207,21070.0,31720.0,46180.0
751124806,1571,380,968,223,23020.0,34150.0,52170.0
751124807,2286,277,1689,321,19750.0,30450.0,44350.0
751124808,1312,218,893,200,20880.0,36060.0,55320.0
751124809,1826,396,1150,280,18220.0,30180.0,45180.0
751124810,2265,553,1432,281,19250.0,31840.0,47320.0
751124811,0,0,0,0,,,
751124812,790,200,459,131,12690.0,17740.0,26150.0
751124813,505,81,324,99,,,
751124888,0,0,0,0,,,
751124899,0,0,0,0,,,
751134901,1880,270,1135,476,16270.0,23220.0,32980.0
751134902,2017,325,1347,345,15450.0,23200.0,34240.0
751134903,1610,336,1052,222,16760.0,28650.0,40550.0
751134904,1233,285,775,173,13410.0,19910.0,29230.0
751134905,2207,517,1380,310,22250.0,32010.0,44290.0
751134906,1691,343,1131,217,22770.0,33090.0,46990.0
751134907,1487,326,960,201,19320.0,29950.0,42850.0
751134908,937,202,556,179,,,
751134999,0,0,0,0,,,
751135001,1582,375,974,233,12960.0,18030.0,24930.0
751135002,1451,242,860,349,11900.0,15990.0,21690.0
751135003,2827,601,1624,602,13610.0,19060.0,26160.0
751135004,1663,339,1003,321,11440.0,15910.0,23550.0
751135005,1948,317,1285,347,14400.0,22290.0,34170.0
751135006,2018,404,1230,384,16650.0,25050.0,34920.0
751135007,2476,459,1531,486,14720.0,22020.0,31280.0
751135008,1000,237,556,207,14360.0,20320.0,30880.0
751135009,1323,241,879,203,16270.0,23320.0,28850.0
751135010,1665,400,1061,204,17430.0,26670.0,37070.0
751135011,1958,438,1164,356,17210.0,26060.0,36420.0
751135012,2227,418,1546,263,15360.0,23960.0,34400.0
751135013,1614,451,825,337,12180.0,16140.0,22610.0
751135014,2733,631,1703,399,20270.0,29930.0,40910.0
751135015,1331,440,781,109,16870.0,22740.0,32540.0
751135016,1342,474,709,159,14750.0,20450.0,31340.0
751135017,653,109,442,101,,,
751135018,1656,425,859,372,17970.0,26870.0,36400.0
751135019,3011,481,2136,393,15960.0,25840.0,36770.0
751135020,2610,455,1639,516,18300.0,26940.0,36670.0
751135021,1696,315,1092,290,18190.0,27500.0,38250.0
751135023,1147,150,692,305,19590.0,26540.0,35690.0
751135024,1969,315,1395,259,18440.0,28650.0,41240.0
751135025,1221,196,692,333,15610.0,24750.0,35960.0
751135026,1074,156,642,276,12890.0,19290.0,28120.0
751135027,1735,221,1045,468,11810.0,17810.0,25810.0
751135028,1634,398,940,295,16960.0,24680.0,35930.0
751135029,2098,477,1216,405,15300.0,22780.0,32430.0
751135030,1169,200,712,257,15460.0,22100.0,30280.0
751135031,1218,186,768,264,14200.0,20180.0,28450.0
751135032,101,47,51,3,,,
751135099,0,0,0,0,,,
751135101,1903,347,1153,403,13230.0,18470.0,27090.0
751135102,2051,605,1087,359,13650.0,21020.0,31290.0
751135103,1770,397,1044,329,15320.0,22580.0,32650.0
751135104,2240,574,1357,309,13700.0,22120.0,32210.0
751135105,1796,342,1232,222,20360.0,30360.0,42540.0
751135106,2786,633,1683,470,15370.0,23890.0,34100.0
751135107,1666,369,905,392,15700.0,23580.0,33690.0
751135108,1750,146,1271,333,12410.0,16950.0,22740.0
751135109,1926,406,1135,384,13910.0,19370.0,30190.0
751135110,2924,444,2035,445,15380.0,24500.0,36040.0
751135111,1837,347,1143,347,14120.0,21340.0,34240.0
751135112,2277,368,1481,428,19970.0,30590.0,43740.0
751135113,1660,386,1072,201,18840.0,29430.0,41600.0
751135114,1751,331,1158,262,18380.0,28000.0,40300.0
751135115,1013,165,646,201,20740.0,32080.0,46280.0
751135116,2016,343,1359,315,20240.0,31450.0,44490.0
751135117,1625,624,804,197,16410.0,25930.0,40260.0
751135118,1218,289,735,195,21750.0,30220.0,41650.0
751135119,1046,252,568,226,13950.0,18880.0,25730.0
751135120,1514,452,782,280,20180.0,30710.0,42990.0
751135121,1005,260,627,118,22100.0,31020.0,43030.0
751135122,2353,607,1487,258,22710.0,34000.0,47590.0
751135123,1739,377,1155,206,18780.0,28310.0,39980.0
751135124,2018,397,1321,300,23060.0,34290.0,48280.0
751135125,2345,701,1218,426,17430.0,25760.0,37710.0
751135201,2488,558,1618,313,21320.0,32920.0,47270.0
751135202,1079,157,714,208,14670.0,23730.0,35710.0
751135203,1841,304,1091,446,23850.0,36200.0,51310.0
751135204,2030,350,1283,397,17400.0,27560.0,40810.0
751135205,1821,273,1199,349,20280.0,31420.0,46500.0
751135206,2140,476,1301,363,23620.0,35710.0,52870.0
751135207,2069,648,1147,274,23340.0,34680.0,48210.0
751145301,867,202,496,169,19910.0,32710.0,48700.0
751145302,1307,301,774,231,27530.0,40210.0,57230.0
751145303,1362,251,889,222,22370.0,33730.0,51240.0
751145304,1195,260,795,139,20300.0,30740.0,46500.0
751145305,1181,212,756,213,23010.0,37800.0,63860.0
751145306,1387,281,936,170,24400.0,36470.0,52970.0
751145307,1108,173,774,160,22140.0,36910.0,53390.0
751145308,1028,181,650,197,21620.0,30870.0,48330.0
751145309,1215,314,692,209,27190.0,40020.0,60220.0
751145310,1564,357,954,252,23440.0,38510.0,63480.0
751145311,75,21,54,0,,,
751145401,4407,2276,2092,39,,,
751145402,2497,480,1539,478,22900.0,36020.0,52120.0
751145403,2321,569,1263,489,19110.0,28560.0,40770.0
751145404,1663,292,1080,291,19700.0,29820.0,43690.0
751145405,2271,507,1339,426,17930.0,28230.0,43060.0
751145406,2575,688,1526,360,27210.0,39450.0,55380.0
751145407,346,83,188,75,,,
751145501,1310,352,705,252,13610.0,19940.0,27290.0
751145502,1255,251,824,180,16990.0,25420.0,35810.0
751145503,1616,459,861,296,12910.0,17770.0,27020.0
751145504,2061,381,1365,315,22230.0,32480.0,45410.0
751145505,2138,373,1405,360,17080.0,25950.0,39170.0
751145506,1428,204,971,252,24740.0,36540.0,51460.0
751145507,1319,248,900,172,23260.0,34840.0,50020.0
751145508,2192,433,1429,330,20390.0,31550.0,47740.0
751145509,1216,236,792,188,24290.0,35830.0,48190.0
751145510,1404,283,951,169,22670.0,34290.0,50220.0
751145511,1279,221,864,194,22790.0,34430.0,49000.0
751145512,1150,212,721,217,23440.0,34090.0,48120.0
751145513,2099,451,1312,337,22810.0,33730.0,49310.0
751145514,1262,248,797,217,22200.0,35290.0,50620.0
751145515,1770,418,1045,307,20090.0,31550.0,47040.0
751145516,1557,316,1006,235,23110.0,34150.0,49160.0
751145601,1527,218,1078,231,15310.0,20140.0,25980.0
751145602,1014,130,705,180,13180.0,18080.0,24280.0
751145603,1465,281,855,329,11750.0,15760.0,21500.0
751145604,1564,255,969,340,13100.0,18890.0,26510.0
751145605,1672,287,1075,310,18040.0,28720.0,39440.0
751145606,1867,493,1128,245,17550.0,26020.0,38020.0
751145607,2224,402,1445,377,18920.0,28790.0,42090.0
751145608,1542,262,1068,212,20350.0,30390.0,42220.0
751145609,1586,264,893,429,12890.0,17990.0,25930.0
751145610,1471,266,934,271,16960.0,28020.0,42240.0
751145611,1089,217,645,227,14350.0,19970.0,27940.0
751145612,1580,225,1153,202,22640.0,32800.0,45560.0
751145613,1617,396,990,231,22910.0,33260.0,45550.0
751145614,1566,316,1052,198,17140.0,27020.0,39540.0
751145615,1702,288,1170,243,18050.0,28760.0,39690.0
751145616,2071,436,1276,360,17390.0,25820.0,36630.0
751145617,1413,267,816,330,13590.0,18790.0,26420.0
751145618,1981,443,1130,408,14080.0,20730.0,31770.0
751145619,1602,359,972,271,16860.0,25040.0,36920.0
751145620,1775,404,1134,237,16270.0,24220.0,35940.0
751145621,1613,360,987,267,16630.0,25280.0,38020.0
751145622,1159,217,815,127,23420.0,32820.0,45030.0
751145623,2435,438,1670,326,19650.0,30700.0,44680.0
751145624,1547,297,931,319,23650.0,34850.0,48580.0
751145625,890,237,545,108,19020.0,29060.0,43160.0
751155701,2366,407,1422,537,12830.0,18190.0,24900.0
751155702,1325,197,982,145,15960.0,23410.0,33700.0
751155703,2973,616,1842,515,16060.0,26760.0,39360.0
751155704,1677,385,984,308,13100.0,18210.0,25830.0
751155705,3115,589,2009,517,16550.0,25890.0,37940.0
751155706,1680,298,1089,293,22440.0,35340.0,48710.0
751155707,1782,407,1197,179,20620.0,29920.0,40830.0
751155708,2711,616,1704,391,18360.0,29960.0,42400.0
751155709,2475,490,1709,275,22580.0,33980.0,47110.0
751155710,3042,591,1949,502,20270.0,30420.0,43680.0
751155711,1271,313,807,151,22260.0,33200.0,48050.0
751155712,1571,296,1094,182,20450.0,32070.0,47370.0
751155713,1212,358,693,161,27900.0,40450.0,55430.0
751155714,1498,349,999,150,22420.0,32920.0,47600.0
751155715,2162,503,1348,311,20710.0,31130.0,45390.0
751155716,1887,381,1301,204,21520.0,30570.0,44310.0
751155717,1635,300,1028,307,21040.0,31940.0,43230.0
751155718,1499,379,961,159,19540.0,30980.0,44510.0
751155719,1651,249,1114,288,22210.0,32780.0,45250.0
751155720,1712,455,978,279,18990.0,30990.0,46910.0
751155721,1012,216,657,139,23960.0,36380.0,49250.0
751155722,2330,429,1542,359,24630.0,36400.0,52810.0
751155723,1852,277,1378,197,23750.0,34910.0,50210.0
751155724,2539,464,1743,332,24030.0,36110.0,49590.0
751155725,1547,337,957,252,25270.0,38660.0,53810.0
751155726,1922,360,1255,307,18280.0,28800.0,42520.0
751155727,1931,215,1327,389,18970.0,27020.0,35380.0
751155728,1310,197,934,179,22680.0,33540.0,47830.0
751155729,2237,374,1468,394,24980.0,37380.0,52690.0
751155730,1687,270,1101,316,23940.0,36490.0,51630.0
751155731,1727,328,1065,334,18220.0,27720.0,41300.0
751155732,2,1,1,0,,,
751155733,0,0,0,0,,,
751155801,2151,485,1215,452,11380.0,17620.0,26810.0
751155802,1830,313,1135,382,14180.0,21690.0,31040.0
751155803,2477,423,1553,501,24620.0,39120.0,55220.0
751155804,1405,271,964,170,26350.0,38520.0,54100.0
751155805,1483,358,918,207,21800.0,31890.0,43890.0
751155806,2232,465,1505,263,21580.0,33070.0,48440.0
751155807,2437,571,1593,273,25190.0,38850.0,55860.0
751155808,1480,274,954,252,27950.0,39580.0,58180.0
751155809,2229,405,1417,407,27130.0,40930.0,58360.0
751155810,3638,558,2424,656,17860.0,29020.0,42360.0
751155811,1417,378,819,221,23300.0,35600.0,54180.0
751155812,1469,337,911,222,26390.0,43090.0,64200.0
751155813,1354,327,796,230,30050.0,48640.0,77680.0
751155814,1322,335,815,172,23820.0,39260.0,60830.0
751155815,1603,353,1059,191,21380.0,33490.0,47350.0
751155816,1509,328,970,211,25790.0,40620.0,59910.0
751155817,1764,365,1164,235,20450.0,34540.0,52450.0
751155818,728,101,472,155,,,
751155819,0,0,0,0,,,
751155901,1558,297,1062,198,21170.0,33160.0,47820.0
751155902,1085,178,749,158,24440.0,37400.0,52280.0
751155903,1680,313,1099,268,19350.0,33220.0,52960.0
751155904,1620,262,1122,236,26170.0,39030.0,56880.0
751155905,1613,177,1168,268,23080.0,36000.0,55050.0
751155906,1666,262,1130,275,25270.0,39990.0,57350.0
751155907,1812,370,1222,221,19460.0,31070.0,47010.0
751155908,2016,370,1276,370,17030.0,33470.0,57670.0
751155909,1654,315,1181,159,21450.0,33630.0,49790.0
751155910,1624,319,1163,143,22130.0,32790.0,48640.0
751155911,2015,386,1437,192,24620.0,36440.0,50600.0
751155912,2526,498,1678,350,17660.0,29480.0,42760.0
751155913,1675,416,1068,191,28380.0,45470.0,71080.0
751155914,1086,197,671,217,24710.0,42220.0,66610.0
751155915,1449,311,945,193,22690.0,34650.0,49810.0
751155916,1398,267,894,237,23350.0,33430.0,48230.0
751155917,1749,345,1111,293,22360.0,36270.0,55080.0
751155918,2274,524,1406,344,23200.0,37850.0,59960.0
751155919,1620,341,1075,204,19770.0,32420.0,47900.0
751155920,258,61,148,49,,,
751155999,0,0,0,0,,,
751156001,1770,406,1030,334,13040.0,18660.0,26510.0
751156002,1455,263,1065,127,24970.0,37020.0,52590.0
751156003,1885,385,1277,222,21380.0,32650.0,45720.0
751156004,2297,420,1493,384,19730.0,31480.0,46860.0
751156005,1996,281,1361,354,23970.0,34790.0,49660.0
751156006,1303,266,856,182,20730.0,31010.0,42070.0
751156007,1605,412,973,220,16830.0,27040.0,41750.0
751156008,1236,328,662,246,16660.0,25420.0,36950.0
751156009,1011,216,601,194,16070.0,26500.0,39920.0
751156010,1894,427,1120,347,17480.0,28630.0,43180.0
751156012,2859,617,1723,518,22070.0,33770.0,49240.0
751156013,1740,472,1052,216,23820.0,36610.0,52520.0
751156014,1860,292,1166,402,15860.0,24130.0,34520.0
751156015,1299,212,872,215,17340.0,28450.0,44460.0
751156016,1699,323,1113,262,17380.0,28220.0,41420.0
751156017,1602,318,1053,230,20290.0,30030.0,42790.0
751156018,1809,259,1288,262,19370.0,30520.0,44660.0
751156019,2528,457,1713,358,24780.0,35360.0,49300.0
751156020,2382,438,1613,331,25580.0,36820.0,53840.0
751156021,325,32,237,56,,,
751156022,278,75,162,42,15750.0,24860.0,36840.0
751156023,70,20,37,13,,,
751156099,48,5,38,5,,,
751166101,1543,299,976,268,15200.0,22120.0,32260.0
751166102,1684,296,1086,302,17000.0,28320.0,44180.0
751166103,1221,236,836,149,17340.0,30740.0,45070.0
751166104,1369,306,731,331,14430.0,21300.0,29960.0
751166105,1363,234,833,296,22360.0,33630.0,55510.0
751166106,1799,370,1127,302,21980.0,37210.0,54910.0
751166107,2293,495,1424,373,21850.0,39140.0,59890.0
751166108,1231,171,816,244,16020.0,24730.0,34590.0
751166109,1900,536,1071,292,26710.0,43130.0,64120.0
751166110,1396,243,885,267,20820.0,35380.0,56680.0
751166111,1495,316,937,242,24260.0,41260.0,67390.0
751166112,1281,279,740,262,30440.0,49890.0,79070.0
751166113,1394,384,781,229,24370.0,41990.0,67710.0
751166114,1601,337,1073,191,16950.0,29200.0,45850.0
751166115,2196,474,1238,484,19830.0,33930.0,53460.0
751166116,1096,270,656,171,26960.0,41450.0,63380.0
751166117,1485,292,918,275,24630.0,40680.0,63390.0
751166118,1642,328,992,321,25430.0,45590.0,71100.0
751166119,1266,199,847,220,28110.0,44480.0,69940.0
751166120,1080,174,662,244,26110.0,45650.0,78520.0
751166121,1311,228,779,304,17180.0,30430.0,58930.0
751166122,1687,649,781,257,28320.0,49130.0,81450.0
751166123,1325,318,797,210,26300.0,48760.0,80300.0
751166124,1164,260,640,264,20190.0,38250.0,68540.0
751166125,1266,281,767,218,25130.0,45640.0,74550.0
751166126,1700,394,956,350,25990.0,47240.0,75640.0
751166127,2171,449,1289,433,19800.0,35740.0,55690.0
751166128,1599,289,975,335,23920.0,40500.0,63780.0
751166129,977,220,556,202,20470.0,34100.0,54090.0
751166130,1258,234,771,253,19670.0,32820.0,53780.0
751166131,42,31,3,8,,,
751166177,93,26,48,19,,,
751166199,0,0,0,0,,,
751166201,1039,204,605,229,26650.0,45580.0,78690.0
751166202,1505,297,987,221,24870.0,40110.0,63750.0
751166203,1448,329,865,254,26960.0,48530.0,75710.0
751166204,1412,298,880,234,28880.0,51460.0,85180.0
751166205,1313,289,736,288,25770.0,50750.0,82740.0
751166206,1146,210,726,210,25660.0,47600.0,84170.0
751166207,1012,185,526,301,22330.0,49490.0,97000.0
751166208,1480,351,795,334,22650.0,49670.0,96890.0
751166209,1202,221,760,221,27520.0,52910.0,86470.0
751166210,1209,271,715,223,26970.0,56460.0,101500.0
751166211,1376,299,860,216,25730.0,46270.0,69490.0
751166212,1382,270,892,220,23460.0,39150.0,61160.0
751166213,1662,388,924,349,25710.0,49950.0,83080.0
751166214,1380,304,814,262,23830.0,42950.0,71910.0
751166215,1650,384,969,298,24920.0,43000.0,66930.0
751166216,1193,247,774,172,24960.0,44970.0,70900.0
751166217,1651,367,957,326,23530.0,47550.0,88340.0
751166218,1445,416,810,220,23020.0,45200.0,82730.0
751166219,1760,466,956,339,24940.0,46620.0,81240.0
751166220,1692,384,1021,286,23640.0,41730.0,74590.0
751166221,1257,296,700,262,23670.0,47710.0,93810.0
751166222,0,0,0,0,,,
751166223,36,4,24,8,,,
751166277,92,19,48,25,,,
751166299,0,0,0,0,,,
751166301,1556,396,883,277,21960.0,43950.0,92900.0
751166302,2343,640,1348,355,20910.0,37460.0,67050.0
751166303,1634,384,919,331,24850.0,47650.0,85740.0
751166304,2090,514,1226,350,23420.0,44230.0,85720.0
751166305,1215,293,659,263,20900.0,42380.0,74990.0
751166306,1555,392,897,267,21970.0,44150.0,81970.0
751166307,1595,378,874,343,24690.0,48480.0,89310.0
751166308,1859,408,1122,330,23040.0,38240.0,71050.0
751166309,1301,284,819,198,26820.0,51270.0,95740.0
751166310,1015,238,557,220,24500.0,48160.0,79540.0
751166311,1124,249,594,282,22900.0,43580.0,76070.0
751166377,114,17,86,12,,,
751166401,1015,216,568,231,20990.0,38490.0,73180.0
751166402,1507,316,889,302,21170.0,36970.0,73150.0
751166403,1923,446,1114,362,21470.0,40140.0,75220.0
751166404,1509,296,937,276,21690.0,40300.0,66080.0
751166405,1682,378,1017,287,25640.0,44520.0,75980.0
751166406,1126,237,695,193,22220.0,44030.0,81920.0
751166407,1985,396,1068,520,22360.0,40850.0,66980.0
751166409,1876,409,1151,317,22270.0,38690.0,67530.0
751166410,136,46,48,43,,,
751166411,132,25,82,24,,,
751166412,535,114,300,121,,,
751166413,289,56,169,65,,,
751166499,3,1,2,0,,,
751176501,2677,552,1619,507,22290.0,40090.0,64810.0
751176502,1738,442,1000,297,28370.0,49650.0,73840.0
751176503,1429,267,973,190,24800.0,39350.0,61030.0
751176504,2204,388,1486,330,25920.0,42270.0,68230.0
751176505,1031,285,477,269,16150.0,27040.0,41020.0
751176506,1276,244,793,239,21280.0,36020.0,57480.0
751176507,1707,315,1106,285,24320.0,39910.0,61370.0
751176508,2105,382,1332,391,28020.0,48100.0,74440.0
751176509,1286,302,811,173,29900.0,47680.0,77330.0
751176510,2100,363,1427,310,24620.0,41100.0,65920.0
751176511,1491,303,992,196,25570.0,41740.0,66400.0
751176512,1834,355,1188,291,23720.0,38170.0,57310.0
751176513,1408,284,926,198,26470.0,40660.0,62480.0
751176514,1446,230,957,259,24390.0,39300.0,60210.0
751176515,2299,351,1553,395,16010.0,23270.0,34140.0
751176516,0,0,0,0,,,
751176601,1641,366,1057,218,28090.0,45300.0,75100.0
751176602,1998,400,1289,309,23610.0,41950.0,71840.0
751176603,2192,483,1359,350,27280.0,53210.0,94900.0
751176604,1426,278,928,220,26920.0,47900.0,75800.0
751176605,1205,245,803,156,26430.0,44600.0,73540.0
751176606,1211,259,746,206,28000.0,53960.0,99940.0
751176607,1311,280,832,198,26290.0,46010.0,80570.0
751176608,1154,278,684,192,28540.0,57570.0,100370.0
751176609,1326,330,722,273,28390.0,49830.0,83020.0
751176610,1730,351,1035,343,27950.0,47260.0,75040.0
751176611,1974,460,1184,329,28770.0,46680.0,72790.0
751176612,1966,434,1188,344,30590.0,49370.0,75720.0
751176613,1637,360,1065,212,23890.0,39680.0,63730.0
751176614,2110,326,1354,430,15810.0,23620.0,35400.0
751176615,2243,447,1339,457,12620.0,18150.0,26600.0
751176616,1493,323,904,266,12240.0,17100.0,23200.0
751176701,1860,240,1384,237,19340.0,32030.0,47790.0
751176702,1788,351,1218,219,23220.0,36650.0,53000.0
751176703,1637,281,1131,226,20190.0,33000.0,49320.0
751176704,1835,226,1387,222,25050.0,38160.0,54580.0
751176705,1405,205,1020,179,25100.0,37320.0,55370.0
751176706,1720,288,1191,242,25790.0,38400.0,55030.0
751176707,1457,255,1061,142,24730.0,39430.0,61350.0
751176708,1783,296,1307,180,20330.0,35110.0,50430.0
751176709,1791,229,1390,171,22130.0,35900.0,53530.0
751176710,2859,535,2021,303,22850.0,37330.0,58290.0
751176711,1678,250,1259,169,21240.0,33600.0,48660.0
751176712,1405,205,1017,183,22880.0,38190.0,55430.0
751176713,1992,260,1512,220,26840.0,40190.0,57150.0
751176714,4067,959,2248,860,11750.0,19120.0,31880.0
751176715,2052,385,1372,295,23990.0,38240.0,58030.0
751176716,1394,287,887,221,17210.0,30560.0,49990.0
751176801,2514,362,1968,183,19090.0,29530.0,42890.0
751176802,2579,366,1919,294,20600.0,34670.0,51060.0
751176803,2155,316,1543,296,19250.0,31500.0,46550.0
751176804,1753,229,1223,301,20570.0,32910.0,46260.0
751176805,1595,249,1149,197,14220.0,26160.0,39320.0
751176806,3304,638,2273,394,15770.0,24720.0,38850.0
751176807,2145,448,1470,227,15390.0,27040.0,39940.0
751176808,2202,395,1466,342,17660.0,28690.0,41030.0
751176809,1909,337,1310,263,14320.0,25150.0,36840.0
751176810,1478,188,1126,165,19900.0,31770.0,44330.0
751176811,1914,314,1342,257,15600.0,26760.0,38880.0
751176812,1826,342,1310,173,12840.0,21300.0,32290.0
751176813,1821,295,1213,313,12900.0,19190.0,28600.0
751176814,1942,320,1291,331,12330.0,18690.0,27890.0
751176815,1530,341,991,197,13450.0,20250.0,30790.0
751176816,1823,395,1035,393,11180.0,14920.0,20590.0
751176817,1008,193,592,223,11930.0,16330.0,21410.0
751186901,1778,255,1265,258,18160.0,28480.0,43300.0
751186902,1721,237,1250,234,15640.0,26290.0,42090.0
751186903,1634,237,1170,227,18400.0,30530.0,45550.0
751186904,2250,373,1596,281,20640.0,32310.0,47990.0
751186905,2123,286,1549,288,16990.0,28580.0,42480.0
751186906,2109,351,1491,267,18560.0,29310.0,41070.0
751186907,2485,327,1820,338,19170.0,30120.0,43650.0
751186908,1485,275,1029,181,20200.0,30950.0,46890.0
751186909,1105,124,829,152,19060.0,30420.0,46270.0
751186910,1709,215,1252,242,25530.0,38350.0,54490.0
751186911,952,163,616,173,29100.0,43090.0,67450.0
751186912,1952,252,1440,259,21770.0,32690.0,47100.0
751186913,1450,162,1074,213,21430.0,32610.0,46290.0
751186914,1555,214,1218,122,21020.0,30250.0,43700.0
751186915,1284,168,870,247,14560.0,25310.0,38710.0
751186916,1802,274,1196,333,15360.0,24610.0,37160.0
751186917,1396,209,946,241,19560.0,31050.0,43630.0
751186918,2672,333,1971,368,19930.0,29530.0,41210.0
751186919,2889,463,2085,341,19150.0,29260.0,42250.0
751186920,1737,191,1343,203,14830.0,23910.0,34260.0
751186921,1518,242,1104,172,14740.0,24510.0,36110.0
751186922,1777,354,1114,309,21970.0,32180.0,44180.0
751186923,2551,479,1600,473,14680.0,22360.0,35330.0
751186924,2392,446,1481,465,13720.0,20350.0,31260.0
751186925,2149,542,1219,389,11810.0,17110.0,26510.0
751186926,1465,320,873,272,11670.0,14410.0,18960.0
751186927,1257,216,746,295,10700.0,14250.0,18330.0
751186928,1421,276,787,358,11150.0,14750.0,18990.0
751186929,258,116,132,10,,,
751187001,2606,383,1953,270,16280.0,26840.0,39770.0
751187002,2002,303,1383,316,18070.0,29110.0,40830.0
751187003,1525,208,1093,224,20130.0,31240.0,44130.0
751187004,1330,221,895,214,19330.0,29750.0,44960.0
751187005,1747,326,1225,196,18620.0,29130.0,44230.0
751187006,1730,246,1278,206,18690.0,28360.0,40280.0
751187007,1761,338,1254,170,14930.0,24430.0,38610.0
751187008,1155,184,767,204,23510.0,37680.0,53650.0
751187009,2234,314,1515,405,19280.0,29810.0,44340.0
751187010,1248,189,891,169,16700.0,27300.0,39710.0
751187011,1445,186,1070,189,20930.0,30950.0,42810.0
751187012,2072,302,1579,190,22400.0,33410.0,46740.0
751187013,1813,228,1393,192,21710.0,32090.0,47050.0
751187014,1471,185,1141,145,15040.0,25060.0,35400.0
751187015,1665,224,1236,205,18740.0,28350.0,39220.0
751187016,1848,228,1423,197,16600.0,26890.0,40460.0
751187017,3400,536,2378,486,12570.0,20470.0,32010.0
751187018,1758,286,1214,258,13110.0,20000.0,29390.0
751187019,2308,295,1756,257,14240.0,22610.0,33370.0
751187020,1750,190,1360,200,14390.0,22520.0,33670.0
751187021,2431,248,1908,275,15020.0,26430.0,40640.0
751187022,2213,291,1692,230,19710.0,29300.0,40560.0
751187023,1838,285,1243,310,12130.0,16970.0,25130.0
751187024,1561,182,1254,125,15960.0,25100.0,36560.0
751187025,1703,292,1225,187,14130.0,25480.0,37750.0
751187026,2285,394,1606,285,14150.0,21600.0,32560.0
751187027,2114,559,1301,254,11920.0,15460.0,21200.0
751187101,2347,356,1707,284,13720.0,21250.0,32180.0
751187102,2863,746,1617,499,10590.0,14710.0,21720.0
751187103,1376,203,909,264,10940.0,15060.0,25020.0
751187104,1821,280,1344,197,12670.0,19390.0,29090.0
751187105,1338,170,1021,147,11290.0,17760.0,29440.0
751187106,2030,231,1532,267,12280.0,18440.0,29050.0
751187107,1756,281,1280,195,11860.0,18700.0,30010.0
751187108,1728,359,1152,217,12120.0,17940.0,28340.0
751187109,1555,294,1035,225,11310.0,17560.0,27350.0
751187110,5542,1250,3449,844,12450.0,17650.0,26530.0
751187201,2120,364,1424,332,11830.0,16650.0,24570.0
751187202,1824,399,1206,219,12310.0,20040.0,30450.0
751187203,1430,199,990,242,13040.0,22250.0,34630.0
751187204,1807,269,1350,188,13740.0,22650.0,34200.0
751187205,2366,360,1698,307,13340.0,20500.0,29170.0
751187206,1714,297,1137,280,13130.0,19450.0,28160.0
751187207,2333,464,1576,293,12170.0,18450.0,27690.0
751187208,2351,489,1376,486,11850.0,16620.0,23340.0
751187209,1939,366,1160,413,10760.0,14160.0,18550.0
751197301,3489,561,2412,516,13720.0,21390.0,32330.0
751197302,2283,594,1356,334,13920.0,22350.0,33000.0
751197303,2613,543,1612,458,14640.0,22980.0,34390.0
751197304,1627,265,1077,285,14920.0,23230.0,34930.0
751197305,2122,282,1537,304,15800.0,25050.0,37230.0
751197306,1891,385,1107,399,11590.0,15400.0,20660.0
751197307,2422,513,1586,323,11090.0,15810.0,23690.0
751197308,2331,744,1155,433,9060.0,13480.0,21310.0
751197309,2475,623,1325,527,13380.0,20960.0,30910.0
751197310,2917,675,1666,577,11890.0,16900.0,25300.0
751197311,1949,330,1288,332,14400.0,23870.0,36850.0
751197312,1404,265,931,208,12410.0,17870.0,26780.0
751197313,1963,356,1316,292,14500.0,23600.0,35020.0
751197314,1905,268,1380,257,12500.0,18900.0,28400.0
751197315,2119,409,1298,412,13490.0,21590.0,32010.0
751197316,2501,385,1849,267,12530.0,21180.0,32490.0
751197317,1234,299,685,250,11970.0,16740.0,24720.0
751197318,534,145,233,157,,,
751197388,0,0,0,0,,,
751197401,1240,252,726,262,12760.0,18220.0,26540.0
751197402,2634,527,1687,421,14990.0,23520.0,34140.0
751197403,1339,166,972,201,12800.0,19450.0,28510.0
751197404,1482,232,1084,166,12870.0,22220.0,33600.0
751197405,1795,291,1239,265,12440.0,17370.0,26480.0
751197406,3432,796,1924,712,12750.0,18360.0,28100.0
751197407,1765,363,1114,288,11320.0,16230.0,24000.0
751197408,1772,435,983,354,11410.0,15410.0,21360.0
751197409,1328,244,793,291,11220.0,16320.0,22210.0
751197410,1776,502,960,313,11330.0,16080.0,22190.0
751197411,1826,325,1108,393,15460.0,25190.0,36730.0
751197412,555,51,399,104,,,
751197413,1991,420,1454,117,14220.0,20560.0,30070.0
751197488,0,0,0,0,,,
751197501,1769,389,1105,276,14460.0,22380.0,32290.0
751197502,1823,331,1236,256,14810.0,22280.0,32800.0
751197503,1316,264,831,221,13720.0,20470.0,30780.0
751197504,1460,387,860,213,12170.0,16980.0,23120.0
751197505,1303,216,804,284,15590.0,22110.0,30760.0
751197506,1365,133,990,242,19920.0,28510.0,39220.0
751197507,1643,303,1046,294,13800.0,23540.0,35560.0
751197508,1445,225,920,300,19900.0,28540.0,39380.0
751197509,1188,217,699,273,12130.0,16600.0,22880.0
751197510,1788,298,1141,349,14800.0,22040.0,32430.0
751197511,1495,248,965,282,14630.0,20930.0,29560.0
751197512,1002,216,575,211,11240.0,15150.0,20570.0
751197513,1485,201,978,306,12780.0,18000.0,23610.0
751197514,2075,368,1274,433,21870.0,33470.0,49020.0
751197515,1479,164,1006,309,19900.0,30800.0,43640.0
751197516,1072,159,714,199,11690.0,15460.0,22140.0
751197517,2608,468,1623,517,11630.0,16990.0,24970.0
751197518,2294,516,1263,516,11300.0,14940.0,20310.0
751197519,1334,491,662,181,12060.0,16620.0,22030.0
751197520,2193,404,1369,421,13990.0,22580.0,32860.0
751197521,2121,371,1510,241,14560.0,22750.0,31980.0
751197522,2591,555,1625,410,16040.0,24930.0,35140.0
751197523,1412,295,900,217,17750.0,26060.0,34910.0
751197524,1101,214,732,154,18020.0,26840.0,40210.0
751197525,168,53,92,23,,,
751197601,1667,235,1123,310,18140.0,26770.0,38410.0
751197602,3654,658,2388,608,18960.0,28370.0,40920.0
751197603,1757,250,1260,247,19620.0,30390.0,42430.0
751197604,2001,299,1395,307,18030.0,28960.0,41150.0
751197605,1693,228,1103,362,12180.0,19650.0,30740.0
751197606,1117,183,700,234,13060.0,19470.0,29130.0
751197607,1031,142,736,152,21180.0,32040.0,44490.0
751197608,1620,345,901,373,13390.0,21770.0,34760.0
751197609,2263,305,1589,369,18450.0,28100.0,40580.0
751197610,938,170,526,242,12510.0,16150.0,23330.0
751197611,1739,362,1092,285,17490.0,27800.0,38380.0
751197612,1346,195,897,255,17720.0,29710.0,46040.0
751197613,1973,304,1411,258,16860.0,26740.0,37810.0
751197614,1596,181,1168,248,15890.0,24920.0,37540.0
751197615,1822,297,1292,233,16900.0,28390.0,42380.0
751197616,1177,297,715,165,12650.0,19300.0,29400.0
751197617,7,0,7,0,,,
751207701,1681,222,1140,319,14440.0,22130.0,31780.0
751207702,2054,385,1359,310,17140.0,27230.0,38420.0
751207703,1510,304,926,280,12480.0,18420.0,27400.0
751207704,1696,263,1169,265,14410.0,22970.0,33370.0
751207705,1223,227,818,178,12690.0,19980.0,26940.0
751207706,1616,211,1199,206,15600.0,24880.0,36330.0
751207707,1648,255,1129,264,14190.0,23500.0,33440.0
751207708,2353,459,1397,496,11830.0,16630.0,25810.0
751207709,1254,238,828,188,11100.0,15940.0,24840.0
751207710,1700,304,1162,233,12640.0,20070.0,30100.0
751207711,2710,584,1668,458,13050.0,19750.0,29660.0
751207712,2060,297,1498,265,15760.0,25490.0,36430.0
751207713,1756,229,1192,335,13110.0,19270.0,27470.0
751207714,2003,273,1430,300,17300.0,27680.0,37830.0
751207801,2633,607,1579,447,12530.0,17540.0,23570.0
751207802,2445,356,1660,429,15500.0,25970.0,38950.0
751207803,1204,252,702,250,11080.0,14640.0,19020.0
751207804,1378,319,790,269,11480.0,15460.0,21880.0
751207805,2113,273,1355,484,17600.0,27620.0,41400.0
751207806,2876,457,1959,459,15940.0,24430.0,35020.0
751207807,2202,421,1422,358,20390.0,29550.0,40910.0
751207808,2408,411,1604,394,15130.0,23350.0,33110.0
751207809,2644,344,1874,426,18120.0,26920.0,37090.0
751207810,1685,403,1026,255,12150.0,17630.0,26200.0
751207811,1171,208,811,151,16110.0,23680.0,32470.0
751207812,1215,182,809,224,19660.0,28690.0,40080.0
751207813,1644,299,1021,323,12750.0,18460.0,26410.0
751207814,1196,196,778,222,13050.0,20350.0,30570.0
751207815,2143,281,1481,381,11930.0,22950.0,34500.0
751207816,2277,366,1539,373,17200.0,26740.0,38070.0
751207901,2876,565,1950,361,17730.0,26880.0,36830.0
751207902,1803,465,1052,286,19280.0,28920.0,42900.0
751207903,1509,258,1121,130,18600.0,27520.0,39070.0
751207904,1676,190,1204,282,19140.0,28530.0,40590.0
751207905,4109,621,2786,701,18040.0,27400.0,38890.0
751207906,1413,191,943,278,12080.0,18210.0,26870.0
751207907,2310,488,1463,359,14420.0,22010.0,32640.0
751207908,2319,494,1350,474,12600.0,17820.0,26520.0
751207909,1709,248,1209,252,20160.0,28820.0,40820.0
751207910,2134,400,1295,438,11760.0,16930.0,24140.0
751207911,2198,528,1262,408,11650.0,21790.0,32500.0
751207912,2387,275,1706,406,17040.0,25780.0,36670.0
751207913,1435,172,1045,218,20060.0,31020.0,42900.0
751207914,1710,280,1177,253,21240.0,30180.0,39810.0
751207915,2110,327,1526,258,19880.0,29030.0,39650.0
751207916,1974,239,1260,476,13960.0,22390.0,35520.0
751207917,3,0,2,1,,,
751208001,1347,213,879,255,12340.0,16820.0,23040.0
751208002,1412,261,934,217,18250.0,28660.0,40840.0
751208003,2135,256,1457,422,16160.0,23360.0,31830.0
751208004,1162,160,855,147,23680.0,33850.0,45260.0
751208005,1302,168,916,218,17270.0,28620.0,40300.0
751208006,1950,327,1301,321,20050.0,30750.0,43090.0
751208007,2596,582,1515,498,13920.0,19790.0,30420.0
751208008,1686,260,1069,356,12120.0,16590.0,22560.0
751208009,1197,88,784,326,10630.0,15270.0,20320.0
751208010,1519,233,939,346,12610.0,18180.0,26150.0
751208011,1120,233,568,319,12120.0,16120.0,23160.0
751208012,2045,442,1292,311,13240.0,19650.0,28950.0
751208013,1825,437,1173,214,14640.0,22930.0,33250.0
751208014,1718,233,1309,176,15080.0,23320.0,33740.0
751208015,2075,370,1337,368,17880.0,28740.0,41330.0
751208016,2037,385,1369,284,13900.0,22190.0,32290.0
751208017,1928,308,1336,284,14440.0,22860.0,35820.0
751208018,1925,347,1194,383,13540.0,20160.0,29190.0
751208019,3115,601,1958,556,13560.0,19750.0,29030.0
751208020,1635,314,997,323,11290.0,14820.0,19720.0
751208021,2551,622,1478,451,11790.0,16040.0,21720.0
751208022,949,170,613,166,14220.0,20990.0,30440.0
751208023,1431,234,905,292,14240.0,21870.0,32030.0
751208024,2088,374,1401,313,17130.0,25740.0,36560.0
751208025,1994,388,1291,314,16210.0,24510.0,34690.0
751208026,1362,171,981,210,19310.0,28320.0,40190.0
